{
  "1": {
    "x": 58130.671875,
    "y": 67715.4140625,
    "z": 781.5272216796875,
    "w": 1.0321773226485509
  }
}